{"cameraMode":{"drawMode":0,"name":"Shaded","section":"Shading Mode"},"sceneLighting":false,"audioPlay":false,"sceneViewState":{"showFog":true,"showMaterialUpdate":true,"showSkybox":false,"showFlares":true,"showImageEffects":true,"showParticleSystems":true},"in2DMode":false,"pivot":{"x":1005.2000122070313,"y":459.739990234375,"z":-695.6400146484375},"rotation":{"x":-0.0018929991638287902,"y":0.9971058368682861,"z":-0.03776813670992851,"w":-0.06952573359012604},"size":7.393706798553467,"orthographic":false}