{"cameraMode":{"drawMode":0,"name":"Shaded","section":"Shading Mode"},"sceneLighting":false,"audioPlay":false,"sceneViewState":{"showFog":true,"showMaterialUpdate":true,"showSkybox":false,"showFlares":true,"showImageEffects":true,"showParticleSystems":true},"in2DMode":false,"pivot":{"x":1300.579345703125,"y":120.10846710205078,"z":262.0523986816406},"rotation":{"x":-0.07061545550823212,"y":-0.06194983050227165,"z":0.004358448553830385,"w":-0.9956011176109314},"size":321.7205505371094,"orthographic":false}