{"cameraMode":{"drawMode":0,"name":"Shaded","section":"Shading Mode"},"sceneLighting":true,"audioPlay":false,"sceneViewState":{"showFog":true,"showMaterialUpdate":true,"showSkybox":true,"showFlares":true,"showImageEffects":true,"showParticleSystems":true},"in2DMode":false,"pivot":{"x":933.908447265625,"y":478.196533203125,"z":-621.2077026367188},"rotation":{"x":0.008027058094739914,"y":0.9944937229156494,"z":-0.03719127178192139,"w":0.10096710920333862},"size":10.0,"orthographic":false}